- [查询所有数据库](#查询所有数据库)
- [查询当前数据库](#查询当前数据库)
- [创建](#创建)
- [删除](#删除)
- [使用](#使用)
- [查询当前数据库所有表](#查询当前数据库所有表)
- [查询表结构](#查询表结构)
- [创建表](#创建表)
- [查询指定表的建表语句](#查询指定表的建表语句)
- [添加字段](#添加字段)
- [修改数据类型](#修改数据类型)
- [修改字段名和字段类型](#修改字段名和字段类型)
- [删除字段](#删除字段)
- [修改表名](#修改表名)
- [删除表](#删除表)
- [删除指定表，并重新创建该表](#删除指定表并重新创建该表)
- [添加数据](#添加数据)
  - [给指定字段添加数据](#给指定字段添加数据)
  - [给全部字段添加数据](#给全部字段添加数据)
  - [批量添加数据](#批量添加数据)
- [修改数据](#修改数据)
- [删除数据](#删除数据)
- [查询语法（DQL）](#查询语法dql)
  - [查询多个字段](#查询多个字段)
  - [设置别名](#设置别名)
  - [去除重复记录](#去除重复记录)

# 查询所有数据库

SHOW DATABASES

# 查询当前数据库

SELECT DATABASE();

# 创建

CREATE DATABASE [IF NOT EXISTS] 数据库名 [DEFAULT CHARSET字符集] [COLLATE排序规则]

# 删除

DROP DATABASE [IF EXISTS] 数据库名：

# 使用

USE数据库名；

# 查询当前数据库所有表

SHOW TABLES;

# 查询表结构

DECS 表名；

# 创建表

CREATE TABLE  表名(字段1 字段1类型 [COMMENT '字段1注释']) [COMMENT '1注释']

# 查询指定表的建表语句

SHOW CREATE TABLE 表名

# 添加字段

ALTER TABLE 表名 ADD 字段名 类型（长度）[COMMENT注释][约束]

# 修改数据类型

ALTER TABLE 表名 MODIFY 字段名 新数据类型（长度）

如果数据无法转换，可能会导致错误或数据损失。

# 修改字段名和字段类型

ALTER TABLE 表名 CHANGE 旧字段名 新字段名 类型（长度）[COMMENT注释][约束]：

# 删除字段

ALTER TABLE 表名 DROP 字段名；

# 修改表名

ALTER TABLE 表名 RENAME TO 新表名；

# 删除表

DROP TABLE [IF EXISTS] 表名；

# 删除指定表，并重新创建该表

TRUNCATE TABLE 表名；

# 添加数据

## 给指定字段添加数据

INSERT INTO表名（字段名1，字段名2，…）VALUES(值1，值2，…)：

## 给全部字段添加数据

INSERT INTO 表名 VALUES(值1，值2，)；

## 批量添加数据

INSERT INTO 表名（字段名1，字段名2，）VALUES(值1，值2，…)，（值1，值2，），（值1，值2，）；

INSERT INTO 表名 VALUES(值1，值2，)，（值1，值2，…），（值1，值2，）；

# 修改数据

UPDATE 表名 SET 字段名1=值1，字段名2=值2，[WHERE条件]；

注意：修改语句的条件可以有，也可以没有，如果没有条件，则会修改整张表的所有数据。

# 删除数据

DELETE FROM 表名 [VHERE条件]

注意：
·DELETE语句的条件可以有，也可以没有，如果没有条件，则会删除整张表的所有数据。
·DELETE语句不能删除某一个字段的值（可以使用UPDATE）。

# 查询语法（DQL）

```sql
SELECT
字段列表
FROM
表名列表
WHERE
条件列表
GROUP BY
分组字段列表
HAVING
分组后条件列表
ORDER BY
排序字段列表
LIMIT
分页参数

```

## 查询多个字段

SELECT 字段1，字段2，字段3.. FROM 表名；

SELECT * FROM 表名；

## 设置别名

SELECT 字段1 [ [AS] 别名1],字段2 [ [AS] 别名2] FROM 表名：

未指定别名查询数据

```sql
SELECT
  first_name,
  last_name,
  CONCAT(first_name, ', ', last_name)
FROM
  actor
LIMIT 5;
+------------+--------------+-------------------------------------+
| first_name | last_name    | CONCAT(first_name, ', ', last_name) |
+------------+--------------+-------------------------------------+
| PENELOPE   | GUINESS      | PENELOPE, GUINESS                   |
| NICK       | WAHLBERG     | NICK, WAHLBERG                      |
| ED         | CHASE        | ED, CHASE                           |
| JENNIFER   | DAVIS        | JENNIFER, DAVIS                     |
| JOHNNY     | LOLLOBRIGIDA | JOHNNY, LOLLOBRIGIDA                |
+------------+--------------+-------------------------------------+
5 rows in set (0.00 sec)
```

```sql
SELECT
  first_name `First Name`,
  last_name `Last Name`,
  CONCAT(first_name, ', ', last_name) `Full Name`
FROM
  actor
LIMIT 5;

+------------+--------------+----------------------+
| First Name | Last Name    | Full Name            |
+------------+--------------+----------------------+
| PENELOPE   | GUINESS      | PENELOPE, GUINESS    |
| NICK       | WAHLBERG     | NICK, WAHLBERG       |
| ED         | CHASE        | ED, CHASE            |
| JENNIFER   | DAVIS        | JENNIFER, DAVIS      |
| JOHNNY     | LOLLOBRIGIDA | JOHNNY, LOLLOBRIGIDA |
+------------+--------------+----------------------+
5 rows in set (0.00 sec)
```

## 去除重复记录

SELECT DISTINCT 字段列表 FROM 表名；
